date,name,reason,importance
15-01-2026, Makara Sankranti,Sun enters Capricorn marking end of winter,Harvest festival showing gratitude and prosperity
26-01-2026, Republic Day,Adoption of Indian Constitution in 1950,Represents democracy and citizens' rights
19-03-2026, Yugadi Fest,New Year for Karnataka Andhra and Telangana,Symbolizes new beginnings and prosperity
21-03-2026, Ramzan,Holy month of fasting in Islam,Promotes discipline charity and devotion
31-03-2026, Mahaveer Jayanti,Birth of Lord Mahavira,Teaches non violence and truth
03-04-2026, Good Friday,Crucifixion of Jesus Christ,Represents sacrifice and forgiveness
14-04-2026, Ambedkar Jayanti,Birth of Dr BR Ambedkar,Promotes equality and social justice
20-04-2026, Basava Jayanti,Birth of Basavanna reformer,Encourages equality and devotion
01-05-2026, Labours Day,Honors workers contributions,Supports workers rights and dignity
28-05-2026, Bakreed,Commemorates sacrifice of Prophet Ibrahim,Represents faith and charity
26-06-2026, Last day of Moharam,Martyrdom of Imam Hussain,Symbolizes sacrifice and justice
15-08-2026, Independence Day,Freedom from British rule in 1947,Represents patriotism and unity
26-08-2026, Ed-Milad,Birth of Prophet Muhammad,Spreads peace and kindness
14-09-2026, Ganesha Chaturti,Birth of Lord Ganesha,Symbol of wisdom and removing obstacles
02-10-2026, Gandhi Jayanti,Birth of Mahatma Gandhi,Promotes non violence and truth
10-10-2026, Mahalaya Amavasye,Start of Durga Puja and ancestor rituals,Honors ancestors and devotion
20-10-2026, Mahanavami Ayudha puja,Worship of tools and Goddess Durga,Shows respect for work and strength
21-10-2026, Vijayadashami,Victory of Rama over Ravana,Represents good over evil
10-11-2026, Deepavali,Return of Lord Rama to Ayodhya,Victory of light over darkness
27-11-2026, Kanakadasa Jayanti,Birth of saint Kanakadasa,Promotes devotion and equality
25-12-2026, Christmas,Birth of Jesus Christ,Spreads love and joy
